url,failed_ads,label
https://www.news.com/inside-the-deportation-what-justice-department-and-investigators-are-saying-as-officials-say,43,unsafe
https://www.news.com/congress-faces-immigration-crackdown-allegations-as-voters-weigh-in,38,unsafe
https://www.news.com/fbi-announces-hurricane-response-analysis,41,unsafe
https://www.news.com/cdc-announces-wildfire-response-on-the-ground,1,unsafe
https://www.news.com/live-updates-homeland-security-and-senators-in-indictment-report-says,42,unsafe
https://www.news.com/what-we-know-about-the-trump-as-voters-weigh-in,30,unsafe
https://www.news.com/what-we-know-about-the-homicide-report-says,23,unsafe
https://www.news.com/white-house-under-riot-investigation-analysis,23,unsafe
https://www.news.com/justice-department-announces-biden-response-fact-check,36,unsafe
https://www.news.com/justice-department-holds-energy-efficiency-program-hearing-as-voters-weigh-in,14,brand_safe
https://www.news.com/live-updates-fbi-and-health-officials-in-riot-amid-growing-concern,3,unsafe
https://www.news.com/nato-faces-tornado-allegations-as-storms-approach,5,unsafe
https://www.news.com/inside-the-indictment-what-nasa-and-economists-are-saying-report-says,42,unsafe
https://www.news.com/what-we-know-about-the-harris-what-we-know,7,unsafe
https://www.news.com/inside-the-shooting-what-justice-department-and-experts-are-saying-key-takeaways,17,unsafe
https://www.news.com/live-updates-justice-department-and-aid-workers-in-shooting-amid-growing-concern,13,unsafe
https://www.news.com/fbi-announces-china-response-in-latest-update,2,unsafe
https://www.news.com/congress-faces-zelensky-allegations-as-court-hears-arguments,30,unsafe
https://www.news.com/fbi-meets-governors-on-mass-protest-full-timeline,50,unsafe
https://www.news.com/nato-faces-tornado-allegations-photos-and-video,22,unsafe
https://www.news.com/what-we-know-about-the-state-of-emergency-developing-story,3,unsafe
https://www.news.com/what-the-new-transportation-upgrades-plan-means-for-families-developing-story,27,brand_safe
https://www.news.com/homeland-security-announces-russia-response-key-takeaways,31,unsafe
https://www.news.com/what-we-know-about-the-border-as-voters-weigh-in,23,unsafe
https://www.news.com/city-leaders-debate-energy-efficiency-program-analysis,34,brand_safe
https://www.news.com/fbi-faces-harris-allegations-as-voters-weigh-in,14,unsafe
https://www.news.com/wildfire-prompts-evacuations-report-says,23,unsafe
https://www.news.com/timeline-how-the-earthquake-unfolded-report-says,32,unsafe
https://www.news.com/explainer-the-internet-safety-bill-and-how-it-works-full-timeline,30,brand_safe
https://www.news.com/budget-panel-outlines-infrastructure-bill-update-as-voters-weigh-in,45,brand_safe
https://www.news.com/white-house-announces-looting-response-live-coverage,35,unsafe
https://www.news.com/officials-confirm-indictment-in-white-house-statement-explainer,13,unsafe
https://www.news.com/white-house-under-trump-investigation-after-overnight,13,unsafe
https://www.news.com/nasa-meets-governors-on-deportation-explainer,30,unsafe
https://www.news.com/what-we-know-about-the-bribery-breaking,13,unsafe
https://www.news.com/fbi-faces-tornado-allegations-as-voters-weigh-in,20,unsafe
https://www.news.com/timeline-how-the-trump-unfolded-report-says,50,unsafe
https://www.news.com/timeline-how-the-mass-protest-unfolded-report-says,39,unsafe
https://www.news.com/officials-confirm-fentanyl-in-white-house-statement-full-timeline,22,unsafe
https://www.news.com/court-schedules-arguments-on-education-policy-debate-after-overnight,42,brand_safe
https://www.news.com/cdc-meets-aid-workers-on-state-of-emergency-opinion,14,unsafe
https://www.news.com/eu-under-spy-balloon-investigation-report-says,5,unsafe
https://www.news.com/nato-under-border-investigation-developing-story,45,unsafe
https://www.news.com/shooting-prompts-evacuations-fact-check,40,unsafe
https://www.news.com/what-we-know-about-the-indictment-as-voters-weigh-in,11,unsafe
https://www.news.com/state-department-under-fentanyl-investigation-what-we-know,31,unsafe
https://www.news.com/officials-confirm-china-in-fbi-statement-as-markets-react,49,unsafe
https://www.news.com/pentagon-under-trump-investigation-photos-and-video,45,unsafe
https://www.news.com/russia-prompts-evacuations-as-officials-say,39,unsafe
https://www.news.com/officials-confirm-spy-balloon-in-cdc-statement-fact-check,43,unsafe
https://www.news.com/border-prompts-evacuations-as-court-hears-arguments,23,unsafe
https://www.news.com/un-announces-homicide-response-as-officials-say,45,unsafe
https://www.news.com/live-updates-white-house-and-aid-workers-in-hurricane-developing-story,30,unsafe
https://www.news.com/timeline-how-the-curfew-unfolded-on-the-ground,18,unsafe
https://www.news.com/officials-confirm-sanctions-in-pentagon-statement-photos-and-video,23,unsafe
https://www.news.com/nato-meets-mayors-on-trump-as-markets-react,39,unsafe
https://www.news.com/officials-confirm-north-korea-in-justice-department-statement-breaking,5,unsafe
https://www.news.com/eu-announces-homicide-response-photos-and-video,6,unsafe
https://www.news.com/data-shows-trends-in-city-council-session-amid-growing-concern,39,brand_safe
https://www.news.com/live-updates-congress-and-experts-in-tornado-fact-check,32,unsafe
https://www.news.com/white-house-announces-iran-response-as-voters-weigh-in,28,unsafe
https://www.news.com/fbi-meets-experts-on-fentanyl-as-markets-react,22,unsafe
https://www.news.com/white-house-meets-health-officials-on-airstrike-report-says,34,unsafe
https://www.news.com/timeline-how-the-cease-fire-unfolded-on-the-ground,27,unsafe
https://www.news.com/fraud-prompts-evacuations-breaking,46,unsafe
https://www.news.com/nasa-meets-experts-on-floods-full-timeline,14,unsafe
https://www.news.com/justice-department-announces-homicide-response-as-court-hears-arguments,6,unsafe
https://www.news.com/zelensky-prompts-evacuations-photos-and-video,1,unsafe
https://www.news.com/homeland-security-under-cease-fire-investigation-developing-story,15,unsafe
https://www.news.com/inside-the-north-korea-what-nato-and-governors-are-saying-as-voters-weigh-in,14,unsafe
https://www.news.com/officials-confirm-putin-in-cdc-statement-fact-check,24,unsafe
https://www.news.com/timeline-how-the-border-unfolded-as-voters-weigh-in,48,unsafe
https://www.news.com/hurricane-prompts-evacuations-breaking,1,unsafe
https://www.news.com/budget-panel-outlines-technology-regulation-hearing-as-court-hears-arguments,6,brand_safe
https://www.news.com/live-updates-homeland-security-and-senators-in-sanctions-as-pressure-mounts,30,unsafe
https://www.news.com/key-takeaways-from-transportation-upgrades-plan-opinion,45,brand_safe
https://www.news.com/un-under-indictment-investigation-live-coverage,13,unsafe
https://www.news.com/live-updates-un-and-aid-workers-in-lawsuit-developing-story,15,unsafe
https://www.news.com/officials-confirm-russia-in-white-house-statement-as-markets-react,28,unsafe
https://www.news.com/homeland-security-faces-border-allegations-explainer,7,unsafe
https://www.news.com/inside-the-zelensky-what-un-and-health-officials-are-saying-amid-growing-concern,48,unsafe
https://www.news.com/key-takeaways-from-budget-committee-meeting-developing-story,30,brand_safe
https://www.news.com/inside-the-north-korea-what-justice-department-and-experts-are-saying-fact-check,46,unsafe
https://www.news.com/white-house-meets-mayors-on-earthquake-fact-check,43,unsafe
https://www.news.com/officials-confirm-airstrike-in-homeland-security-statement-amid-growing-concern,7,unsafe
https://www.news.com/what-we-know-about-the-floods-after-overnight,22,unsafe
https://www.news.com/live-updates-nasa-and-economists-in-fraud-explainer,18,unsafe
https://www.news.com/homeland-security-under-mass-protest-investigation-full-timeline,1,unsafe
https://www.news.com/white-house-faces-kidnapping-allegations-on-the-ground,13,unsafe
https://www.news.com/inside-the-corruption-what-white-house-and-health-officials-are-saying-as-storms-approach,32,unsafe
https://www.news.com/city-leaders-debate-transportation-upgrades-plan-as-pressure-mounts,43,brand_safe
https://www.news.com/what-we-know-about-the-kidnapping-opinion,39,unsafe
https://www.news.com/homeland-security-under-russia-investigation-opinion,36,unsafe
https://www.news.com/timeline-how-the-wildfire-unfolded-what-we-know,33,unsafe
https://www.news.com/inside-the-north-korea-what-congress-and-governors-are-saying-developing-story,33,unsafe
https://www.news.com/pentagon-meets-experts-on-bribery-developing-story,6,unsafe
https://www.news.com/what-we-know-about-the-looting-in-latest-update,47,unsafe
https://www.news.com/timeline-how-the-taiwan-unfolded-photos-and-video,26,unsafe
https://www.news.com/un-announces-bribery-response-opinion,33,unsafe
https://www.news.com/live-updates-white-house-and-experts-in-zelensky-on-the-ground,44,unsafe
https://www.news.com/explainer-the-jobs-numbers-release-and-how-it-works-in-latest-update,47,brand_safe
https://www.news.com/fbi-announces-shooting-response-as-voters-weigh-in,28,unsafe
https://www.news.com/pentagon-under-bribery-investigation-explainer,15,unsafe
https://www.news.com/what-we-know-about-the-homicide-on-the-ground,35,unsafe
https://www.news.com/homeland-security-faces-mass-protest-allegations-developing-story,46,unsafe
https://www.news.com/fbi-meets-investigators-on-sanctions-opinion,50,unsafe
https://www.news.com/inside-the-floods-what-fbi-and-health-officials-are-saying-amid-growing-concern,47,unsafe
https://www.news.com/live-updates-pentagon-and-economists-in-ukraine-in-latest-update,28,unsafe
https://www.news.com/immigration-crackdown-prompts-evacuations-key-takeaways,42,unsafe
https://www.news.com/what-we-know-about-the-biden-photos-and-video,6,unsafe
https://www.news.com/timeline-how-the-lawsuit-unfolded-fact-check,15,unsafe
https://www.news.com/what-we-know-about-the-ukraine-analysis,11,unsafe
https://www.news.com/officials-confirm-curfew-in-nato-statement-full-timeline,35,unsafe
https://www.news.com/putin-prompts-evacuations-after-overnight,49,unsafe
https://www.news.com/homeland-security-meets-aid-workers-on-state-of-emergency-fact-check,10,unsafe
https://www.news.com/cdc-meets-governors-on-spy-balloon-as-court-hears-arguments,15,unsafe
https://www.news.com/what-we-know-about-the-sanctions-opinion,21,unsafe
https://www.news.com/nasa-under-fentanyl-investigation-opinion,17,unsafe
https://www.news.com/officials-confirm-corruption-in-nato-statement-as-pressure-mounts,2,unsafe
https://www.news.com/what-we-know-about-the-shooting-photos-and-video,11,unsafe
https://www.news.com/what-we-know-about-the-curfew-what-we-know,6,unsafe
https://www.news.com/what-we-know-about-the-putin-what-we-know,13,unsafe
https://www.news.com/what-we-know-about-the-zelensky-as-markets-react,7,unsafe
https://www.news.com/homeland-security-faces-earthquake-allegations-live-coverage,17,unsafe
https://www.news.com/congress-faces-bribery-allegations-as-officials-say,28,unsafe
https://www.news.com/homeland-security-announces-deportation-response-as-markets-react,5,unsafe
https://www.news.com/what-we-know-about-the-north-korea-as-storms-approach,23,unsafe
https://www.news.com/officials-confirm-tornado-in-nato-statement-developing-story,9,unsafe
https://www.news.com/white-house-meets-aid-workers-on-sanctions-as-court-hears-arguments,34,unsafe
https://www.news.com/what-the-new-infrastructure-bill-update-means-for-families-as-pressure-mounts,1,brand_safe
https://www.news.com/white-house-meets-governors-on-explosion-full-timeline,29,unsafe
https://www.news.com/court-schedules-arguments-on-jobs-numbers-release-photos-and-video,40,brand_safe
https://www.news.com/pentagon-announces-zelensky-response-developing-story,43,unsafe
https://www.news.com/timeline-how-the-kidnapping-unfolded-key-takeaways,19,unsafe
https://www.news.com/timeline-how-the-biden-unfolded-as-pressure-mounts,14,unsafe
https://www.news.com/what-the-new-transportation-upgrades-plan-means-for-families-opinion,47,brand_safe
https://www.news.com/congress-under-trump-investigation-as-officials-say,25,unsafe
https://www.news.com/indictment-prompts-evacuations-as-pressure-mounts,22,unsafe
https://www.news.com/shooting-prompts-evacuations-live-coverage,8,unsafe
https://www.news.com/live-updates-white-house-and-military-leaders-in-putin-what-we-know,25,unsafe
https://www.news.com/court-schedules-arguments-on-school-curriculum-proposal-after-overnight,39,brand_safe
https://www.news.com/officials-confirm-earthquake-in-pentagon-statement-as-court-hears-arguments,29,unsafe
https://www.news.com/what-we-know-about-the-floods-as-storms-approach,31,unsafe
https://www.news.com/congress-meets-investigators-on-mass-protest-opinion,3,unsafe
https://www.news.com/un-faces-zelensky-allegations-as-court-hears-arguments,5,unsafe
https://www.news.com/inside-the-gaza-what-white-house-and-governors-are-saying-report-says,2,unsafe
https://www.news.com/timeline-how-the-putin-unfolded-breaking,38,unsafe
https://www.news.com/live-updates-cdc-and-economists-in-shooting-what-we-know,20,unsafe
https://www.news.com/court-schedules-arguments-on-education-policy-debate-as-storms-approach,43,brand_safe
https://www.news.com/timeline-how-the-china-unfolded-as-voters-weigh-in,37,unsafe
https://www.news.com/officials-confirm-fentanyl-in-fbi-statement-on-the-ground,45,unsafe
https://www.news.com/cdc-meets-governors-on-tornado-as-pressure-mounts,20,unsafe
https://www.news.com/court-schedules-arguments-on-infrastructure-bill-update-opinion,2,brand_safe
https://www.news.com/inside-the-floods-what-fbi-and-judges-are-saying-analysis,26,unsafe
https://www.news.com/eu-announces-riot-response-as-pressure-mounts,11,unsafe
https://www.news.com/what-we-know-about-the-ukraine-developing-story,39,unsafe
https://www.news.com/officials-confirm-explosion-in-pentagon-statement-opinion,42,unsafe
https://www.news.com/fbi-announces-cartel-response-as-storms-approach,20,unsafe
https://www.news.com/timeline-how-the-israel-unfolded-key-takeaways,29,unsafe
https://www.news.com/ukraine-prompts-evacuations-analysis,49,unsafe
https://www.news.com/timeline-how-the-corruption-unfolded-analysis,7,unsafe
https://www.news.com/state-department-announces-trump-response-live-coverage,27,unsafe
https://www.news.com/fbi-under-cartel-investigation-as-voters-weigh-in,17,unsafe
https://www.news.com/inside-the-russia-what-justice-department-and-economists-are-saying-fact-check,15,unsafe
https://www.news.com/fbi-meets-economists-on-mass-protest-full-timeline,1,unsafe
https://www.news.com/eu-announces-iran-response-explainer,16,unsafe
https://www.news.com/un-faces-lawsuit-allegations-explainer,18,unsafe
https://www.news.com/congress-announces-fraud-response-on-the-ground,41,unsafe
https://www.news.com/fraud-prompts-evacuations-photos-and-video,30,unsafe
https://www.news.com/inside-the-riot-what-fbi-and-health-officials-are-saying-full-timeline,31,unsafe
https://www.news.com/inside-the-explosion-what-congress-and-economists-are-saying-amid-growing-concern,42,unsafe
https://www.news.com/timeline-how-the-airstrike-unfolded-as-markets-react,49,unsafe
https://www.news.com/live-updates-state-department-and-aid-workers-in-hurricane-amid-growing-concern,50,unsafe
https://www.news.com/live-updates-homeland-security-and-senators-in-taiwan-on-the-ground,7,unsafe
https://www.news.com/what-we-know-about-the-airstrike-as-pressure-mounts,13,unsafe
https://www.news.com/cdc-faces-mass-protest-allegations-opinion,43,unsafe
https://www.news.com/homeland-security-meets-mayors-on-fraud-as-officials-say,19,unsafe
https://www.news.com/what-we-know-about-the-border-after-overnight,4,unsafe
https://www.news.com/timeline-how-the-zelensky-unfolded-breaking,41,unsafe
https://www.news.com/nasa-faces-mass-protest-allegations-explainer,47,unsafe
https://www.news.com/live-updates-state-department-and-governors-in-tornado-key-takeaways,48,unsafe
https://www.news.com/white-house-meets-military-leaders-on-tornado-in-latest-update,27,unsafe
https://www.news.com/inside-the-cartel-what-nasa-and-health-officials-are-saying-report-says,43,unsafe
https://www.news.com/justice-department-under-deportation-investigation-analysis,6,unsafe
https://www.news.com/what-we-know-about-the-state-of-emergency-explainer,27,unsafe
https://www.news.com/timeline-how-the-zelensky-unfolded-what-we-know,35,unsafe
https://www.news.com/timeline-how-the-state-of-emergency-unfolded-as-officials-say,30,unsafe
https://www.news.com/what-we-know-about-the-biden-photos-and-video,23,unsafe
https://www.news.com/inside-the-cease-fire-what-fbi-and-economists-are-saying-explainer,43,unsafe
https://www.news.com/what-we-know-about-the-floods-what-we-know,23,unsafe
https://www.news.com/homeland-security-faces-cartel-allegations-explainer,1,unsafe
https://www.news.com/justice-department-under-explosion-investigation-photos-and-video,21,unsafe
https://www.news.com/taiwan-prompts-evacuations-in-latest-update,2,unsafe
https://www.news.com/un-meets-economists-on-cease-fire-as-storms-approach,26,unsafe
https://www.news.com/homeland-security-faces-drug-bust-allegations-photos-and-video,23,unsafe
https://www.news.com/city-leaders-debate-workplace-safety-standards-report-says,18,brand_safe
https://www.news.com/eu-holds-consumer-protection-guidance-hearing-photos-and-video,16,brand_safe
https://www.news.com/officials-confirm-tornado-in-homeland-security-statement-as-markets-react,37,unsafe
https://www.news.com/live-updates-cdc-and-experts-in-russia-live-coverage,44,unsafe
https://www.news.com/timeline-how-the-cease-fire-unfolded-as-officials-say,35,unsafe
https://www.news.com/what-we-know-about-the-north-korea-analysis,29,unsafe
https://www.news.com/live-updates-nasa-and-economists-in-homicide-as-pressure-mounts,31,unsafe
https://www.news.com/live-updates-white-house-and-experts-in-north-korea-after-overnight,21,unsafe
https://www.news.com/inside-the-spy-balloon-what-eu-and-governors-are-saying-as-court-hears-arguments,45,unsafe
https://www.news.com/nasa-announces-cease-fire-response-as-pressure-mounts,40,unsafe
https://www.news.com/white-house-meets-mayors-on-israel-key-takeaways,1,unsafe
https://www.news.com/nasa-announces-south-china-sea-response-in-latest-update,28,unsafe
https://www.news.com/congress-meets-senators-on-china-in-latest-update,48,unsafe
https://www.news.com/homeland-security-meets-military-leaders-on-north-korea-full-timeline,38,unsafe
https://www.news.com/fbi-announces-homicide-response-key-takeaways,15,unsafe
https://www.news.com/inside-the-north-korea-what-white-house-and-mayors-are-saying-in-latest-update,29,unsafe
https://www.news.com/live-updates-homeland-security-and-aid-workers-in-border-fact-check,38,unsafe
https://www.news.com/fbi-under-homicide-investigation-full-timeline,20,unsafe
https://www.news.com/officials-confirm-tornado-in-nato-statement-live-coverage,10,unsafe
https://www.news.com/nasa-meets-aid-workers-on-drug-bust-as-storms-approach,44,unsafe
https://www.news.com/inside-the-asylum-what-nato-and-mayors-are-saying-live-coverage,13,unsafe
https://www.news.com/timeline-how-the-airstrike-unfolded-as-voters-weigh-in,1,unsafe
https://www.news.com/nato-faces-drug-bust-allegations-full-timeline,8,unsafe
https://www.news.com/what-we-know-about-the-border-report-says,32,unsafe
https://www.news.com/cartel-prompts-evacuations-what-we-know,26,unsafe
https://www.news.com/key-takeaways-from-city-council-session-explainer,3,brand_safe
https://www.news.com/un-meets-health-officials-on-corruption-on-the-ground,47,unsafe
https://www.news.com/live-updates-nasa-and-mayors-in-asylum-on-the-ground,47,unsafe
https://www.news.com/nato-announces-biden-response-as-officials-say,18,unsafe
https://www.news.com/what-we-know-about-the-asylum-as-officials-say,17,unsafe
https://www.news.com/what-the-new-traffic-safety-initiative-means-for-families-full-timeline,46,brand_safe
https://www.news.com/live-updates-fbi-and-senators-in-kidnapping-breaking,20,unsafe
https://www.news.com/un-under-tornado-investigation-report-says,45,unsafe
https://www.news.com/cdc-under-china-investigation-full-timeline,10,unsafe
https://www.news.com/riot-prompts-evacuations-opinion,15,unsafe
https://www.news.com/justice-department-releases-report-on-environmental-policy-review-as-court-hears-arguments,32,brand_safe
https://www.news.com/un-faces-border-allegations-as-officials-say,6,unsafe
https://www.news.com/city-leaders-debate-energy-efficiency-program-explainer,7,brand_safe
https://www.news.com/fbi-faces-immigration-crackdown-allegations-breaking,40,unsafe
https://www.news.com/what-we-know-about-the-trump-report-says,12,unsafe
https://www.news.com/officials-confirm-indictment-in-justice-department-statement-opinion,46,unsafe
https://www.news.com/live-updates-homeland-security-and-economists-in-riot-on-the-ground,24,unsafe
https://www.news.com/inside-the-israel-what-un-and-investigators-are-saying-on-the-ground,44,unsafe
https://www.news.com/data-shows-trends-in-traffic-safety-initiative-opinion,3,brand_safe
https://www.news.com/what-we-know-about-the-kidnapping-explainer,34,unsafe
https://www.news.com/nasa-meets-senators-on-deportation-as-officials-say,34,unsafe
https://www.news.com/homeland-security-meets-investigators-on-state-of-emergency-on-the-ground,43,unsafe
https://www.news.com/live-updates-pentagon-and-experts-in-gaza-as-voters-weigh-in,21,unsafe
https://www.news.com/state-department-under-biden-investigation-report-says,9,unsafe
https://www.news.com/court-schedules-arguments-on-energy-efficiency-program-amid-growing-concern,4,brand_safe
https://www.news.com/nato-faces-harris-allegations-full-timeline,12,unsafe
https://www.news.com/russia-prompts-evacuations-as-markets-react,20,unsafe
https://www.news.com/inside-the-curfew-what-nasa-and-judges-are-saying-after-overnight,46,unsafe
https://www.news.com/fbi-announces-looting-response-fact-check,50,unsafe
https://www.news.com/what-we-know-about-the-north-korea-explainer,37,unsafe
https://www.news.com/inside-the-lawsuit-what-fbi-and-military-leaders-are-saying-photos-and-video,8,unsafe
https://www.news.com/justice-department-holds-city-council-session-hearing-key-takeaways,18,brand_safe
https://www.news.com/live-updates-un-and-military-leaders-in-curfew-as-pressure-mounts,35,unsafe
https://www.news.com/homeland-security-announces-spy-balloon-response-explainer,34,unsafe
https://www.news.com/nasa-holds-environmental-policy-review-hearing-on-the-ground,41,brand_safe
https://www.news.com/cdc-announces-harris-response-report-says,42,unsafe
https://www.news.com/officials-confirm-lawsuit-in-pentagon-statement-what-we-know,9,unsafe
https://www.news.com/state-department-meets-judges-on-biden-what-we-know,39,unsafe
https://www.news.com/key-takeaways-from-energy-efficiency-program-as-voters-weigh-in,42,brand_safe
https://www.news.com/explosion-prompts-evacuations-breaking,7,unsafe
https://www.news.com/cartel-prompts-evacuations-what-we-know,13,unsafe
https://www.news.com/un-announces-gaza-response-report-says,11,unsafe
https://www.news.com/inside-the-fentanyl-what-homeland-security-and-aid-workers-are-saying-key-takeaways,2,unsafe
https://www.news.com/deportation-prompts-evacuations-developing-story,4,unsafe
https://www.news.com/what-the-new-education-policy-debate-means-for-families-on-the-ground,9,brand_safe
https://www.news.com/officials-confirm-putin-in-state-department-statement-as-markets-react,46,unsafe
https://www.news.com/asylum-prompts-evacuations-on-the-ground,8,unsafe
https://www.news.com/israel-prompts-evacuations-as-pressure-mounts,13,unsafe
https://www.news.com/cdc-faces-sanctions-allegations-as-court-hears-arguments,27,unsafe
https://www.news.com/immigration-crackdown-prompts-evacuations-as-voters-weigh-in,34,unsafe
https://www.news.com/un-meets-health-officials-on-israel-key-takeaways,50,unsafe
https://www.news.com/riot-prompts-evacuations-as-storms-approach,12,unsafe
https://www.news.com/timeline-how-the-tornado-unfolded-as-voters-weigh-in,33,unsafe
https://www.news.com/what-we-know-about-the-putin-fact-check,14,unsafe
https://www.news.com/data-shows-trends-in-supreme-court-arguments-in-latest-update,41,brand_safe
https://www.news.com/officials-confirm-corruption-in-nasa-statement-as-storms-approach,48,unsafe
https://www.news.com/key-takeaways-from-infrastructure-bill-update-developing-story,47,brand_safe
https://www.news.com/officials-confirm-putin-in-eu-statement-amid-growing-concern,13,unsafe
https://www.news.com/what-we-know-about-the-tornado-breaking,31,unsafe
https://www.news.com/officials-confirm-deportation-in-fbi-statement-as-pressure-mounts,8,unsafe
https://www.news.com/cdc-faces-earthquake-allegations-as-court-hears-arguments,43,unsafe
https://www.news.com/live-updates-nasa-and-governors-in-curfew-live-coverage,27,unsafe
https://www.news.com/key-takeaways-from-consumer-protection-guidance-as-court-hears-arguments,50,brand_safe
https://www.news.com/eu-faces-fraud-allegations-full-timeline,3,unsafe
https://www.news.com/congress-faces-cease-fire-allegations-opinion,6,unsafe
https://www.news.com/homeland-security-announces-immigration-crackdown-response-key-takeaways,1,unsafe
https://www.news.com/state-department-faces-looting-allegations-breaking,38,unsafe
https://www.news.com/budget-panel-outlines-consumer-protection-guidance-as-markets-react,29,brand_safe
https://www.news.com/live-updates-nasa-and-military-leaders-in-biden-key-takeaways,8,unsafe
https://www.news.com/timeline-how-the-harris-unfolded-after-overnight,43,unsafe
https://www.news.com/court-schedules-arguments-on-jobs-numbers-release-as-voters-weigh-in,34,brand_safe
https://www.news.com/timeline-how-the-curfew-unfolded-as-officials-say,48,unsafe
https://www.news.com/live-updates-justice-department-and-judges-in-shooting-analysis,30,unsafe
https://www.news.com/homeland-security-announces-cartel-response-amid-growing-concern,42,unsafe
https://www.news.com/what-we-know-about-the-zelensky-developing-story,2,unsafe
https://www.news.com/justice-department-announces-trump-response-what-we-know,3,unsafe
https://www.news.com/officials-propose-privacy-standards-draft-what-we-know,13,brand_safe
https://www.news.com/fbi-announces-indictment-response-developing-story,30,unsafe
https://www.news.com/harris-prompts-evacuations-opinion,21,unsafe
https://www.news.com/explainer-the-disaster-preparedness-drill-and-how-it-works-photos-and-video,12,brand_safe
https://www.news.com/nasa-meets-judges-on-border-in-latest-update,28,unsafe
https://www.news.com/un-under-fraud-investigation-in-latest-update,18,unsafe
https://www.news.com/congress-faces-putin-allegations-as-court-hears-arguments,38,unsafe
https://www.news.com/state-department-under-wildfire-investigation-photos-and-video,34,unsafe
https://www.news.com/cdc-meets-aid-workers-on-curfew-as-pressure-mounts,48,unsafe
https://www.news.com/what-we-know-about-the-floods-photos-and-video,1,unsafe
https://www.news.com/justice-department-announces-looting-response-photos-and-video,44,unsafe
https://www.news.com/live-updates-state-department-and-health-officials-in-biden-as-voters-weigh-in,10,unsafe
https://www.news.com/live-updates-fbi-and-judges-in-deportation-report-says,14,unsafe
https://www.news.com/nasa-meets-military-leaders-on-russia-report-says,19,unsafe
https://www.news.com/eu-faces-deportation-allegations-fact-check,37,unsafe
https://www.news.com/timeline-how-the-wildfire-unfolded-fact-check,9,unsafe
https://www.news.com/drug-bust-prompts-evacuations-key-takeaways,20,unsafe
https://www.news.com/officials-confirm-bribery-in-white-house-statement-key-takeaways,22,unsafe
https://www.news.com/justice-department-announces-ukraine-response-as-storms-approach,50,unsafe
https://www.news.com/pentagon-faces-fraud-allegations-developing-story,35,unsafe
https://www.news.com/pentagon-under-hurricane-investigation-as-pressure-mounts,1,unsafe
https://www.news.com/officials-confirm-ukraine-in-state-department-statement-as-voters-weigh-in,36,unsafe
https://www.news.com/congress-under-indictment-investigation-analysis,2,unsafe
https://www.news.com/what-we-know-about-the-border-fact-check,31,unsafe
https://www.news.com/timeline-how-the-mass-protest-unfolded-after-overnight,7,unsafe
https://www.news.com/explainer-the-economic-outlook-report-and-how-it-works-report-says,17,brand_safe
https://www.news.com/what-we-know-about-the-trump-after-overnight,32,unsafe
https://www.news.com/officials-confirm-iran-in-cdc-statement-as-officials-say,13,unsafe
https://www.news.com/what-we-know-about-the-bribery-as-markets-react,1,unsafe
https://www.news.com/explainer-the-privacy-standards-draft-and-how-it-works-as-pressure-mounts,6,brand_safe
https://www.news.com/indictment-prompts-evacuations-in-latest-update,26,unsafe
https://www.news.com/inside-the-iran-what-un-and-experts-are-saying-photos-and-video,44,unsafe
https://www.news.com/pentagon-faces-zelensky-allegations-breaking,39,unsafe
https://www.news.com/key-takeaways-from-environmental-policy-review-as-storms-approach,8,brand_safe
https://www.news.com/state-department-under-riot-investigation-developing-story,13,unsafe
https://www.news.com/congress-announces-drug-bust-response-report-says,25,unsafe
https://www.news.com/un-under-iran-investigation-key-takeaways,6,unsafe
https://www.news.com/justice-department-meets-aid-workers-on-russia-analysis,2,unsafe
https://www.news.com/what-we-know-about-the-indictment-what-we-know,24,unsafe
https://www.news.com/officials-confirm-kidnapping-in-cdc-statement-on-the-ground,42,unsafe
https://www.news.com/inside-the-iran-what-cdc-and-military-leaders-are-saying-as-pressure-mounts,15,unsafe
https://www.news.com/eu-under-iran-investigation-as-pressure-mounts,12,unsafe
https://www.news.com/live-updates-justice-department-and-experts-in-drug-bust-amid-growing-concern,11,unsafe
https://www.news.com/un-under-spy-balloon-investigation-after-overnight,28,unsafe
https://www.news.com/congress-announces-iran-response-after-overnight,24,unsafe
https://www.news.com/cdc-faces-russia-allegations-as-markets-react,3,unsafe
https://www.news.com/inside-the-floods-what-cdc-and-experts-are-saying-live-coverage,3,unsafe
https://www.news.com/live-updates-nasa-and-governors-in-floods-breaking,1,unsafe
https://www.news.com/un-faces-south-china-sea-allegations-as-voters-weigh-in,25,unsafe
https://www.news.com/what-we-know-about-the-fentanyl-analysis,8,unsafe
https://www.news.com/live-updates-nasa-and-mayors-in-harris-on-the-ground,6,unsafe
https://www.news.com/eu-meets-governors-on-iran-after-overnight,26,unsafe
https://www.news.com/live-updates-state-department-and-governors-in-spy-balloon-key-takeaways,13,unsafe
https://www.news.com/live-updates-fbi-and-judges-in-lawsuit-key-takeaways,41,unsafe
https://www.news.com/officials-confirm-ukraine-in-nasa-statement-as-storms-approach,19,unsafe
https://www.news.com/eu-announces-hurricane-response-on-the-ground,2,unsafe
https://www.news.com/timeline-how-the-immigration-crackdown-unfolded-as-storms-approach,45,unsafe
https://www.news.com/eu-faces-riot-allegations-key-takeaways,4,unsafe
https://www.news.com/un-faces-lawsuit-allegations-as-markets-react,26,unsafe
https://www.news.com/inside-the-fentanyl-what-white-house-and-aid-workers-are-saying-fact-check,33,unsafe
https://www.news.com/nato-releases-report-on-data-transparency-rule-developing-story,36,brand_safe
https://www.news.com/state-department-meets-investigators-on-asylum-breaking,12,unsafe
https://www.news.com/homeland-security-under-fraud-investigation-opinion,10,unsafe
https://www.news.com/officials-confirm-trump-in-state-department-statement-live-coverage,26,unsafe
https://www.news.com/live-updates-justice-department-and-investigators-in-fraud-analysis,26,unsafe
https://www.news.com/what-we-know-about-the-biden-full-timeline,39,unsafe
https://www.news.com/pentagon-under-looting-investigation-as-markets-react,9,unsafe
https://www.news.com/explainer-the-consumer-protection-guidance-and-how-it-works-opinion,41,brand_safe
https://www.news.com/un-faces-ukraine-allegations-as-pressure-mounts,11,unsafe
https://www.news.com/harris-prompts-evacuations-live-coverage,11,unsafe
https://www.news.com/timeline-how-the-mass-protest-unfolded-as-storms-approach,12,unsafe
https://www.news.com/eu-faces-earthquake-allegations-key-takeaways,13,unsafe
https://www.news.com/justice-department-faces-putin-allegations-developing-story,5,unsafe
https://www.news.com/nato-meets-governors-on-explosion-breaking,38,unsafe
https://www.news.com/fentanyl-prompts-evacuations-in-latest-update,35,unsafe
https://www.news.com/state-department-faces-state-of-emergency-allegations-analysis,2,unsafe
https://www.news.com/court-schedules-arguments-on-city-council-session-in-latest-update,23,brand_safe
https://www.news.com/data-shows-trends-in-technology-regulation-hearing-as-pressure-mounts,47,brand_safe
https://www.news.com/officials-confirm-mass-protest-in-eu-statement-opinion,15,unsafe
https://www.news.com/nato-under-ukraine-investigation-as-storms-approach,2,unsafe
https://www.news.com/white-house-announces-hurricane-response-as-markets-react,46,unsafe
https://www.news.com/shooting-prompts-evacuations-analysis,28,unsafe
https://www.news.com/officials-confirm-shooting-in-justice-department-statement-live-coverage,40,unsafe
https://www.news.com/what-we-know-about-the-harris-photos-and-video,29,unsafe
https://www.news.com/officials-confirm-curfew-in-cdc-statement-explainer,22,unsafe
https://www.news.com/live-updates-pentagon-and-mayors-in-deportation-fact-check,19,unsafe
https://www.news.com/budget-panel-outlines-budget-committee-meeting-key-takeaways,47,brand_safe
https://www.news.com/nato-under-north-korea-investigation-as-court-hears-arguments,9,unsafe
https://www.news.com/live-updates-state-department-and-health-officials-in-russia-photos-and-video,41,unsafe
https://www.news.com/eu-under-biden-investigation-breaking,47,unsafe
https://www.news.com/officials-confirm-israel-in-un-statement-key-takeaways,35,unsafe
https://www.news.com/congress-faces-trump-allegations-as-voters-weigh-in,36,unsafe
https://www.news.com/justice-department-faces-spy-balloon-allegations-in-latest-update,9,unsafe
https://www.news.com/eu-under-harris-investigation-after-overnight,21,unsafe
https://www.news.com/timeline-how-the-border-unfolded-analysis,3,unsafe
https://www.news.com/key-takeaways-from-transportation-upgrades-plan-as-markets-react,24,brand_safe
https://www.news.com/russia-prompts-evacuations-breaking,30,unsafe
https://www.news.com/bribery-prompts-evacuations-as-storms-approach,8,unsafe
https://www.news.com/white-house-announces-hurricane-response-breaking,8,unsafe
https://www.news.com/timeline-how-the-gaza-unfolded-report-says,7,unsafe
https://www.news.com/live-updates-nasa-and-judges-in-immigration-crackdown-in-latest-update,3,unsafe
https://www.news.com/live-updates-pentagon-and-senators-in-mass-protest-as-voters-weigh-in,40,unsafe
https://www.news.com/timeline-how-the-homicide-unfolded-developing-story,27,unsafe
https://www.news.com/congress-faces-ukraine-allegations-in-latest-update,17,unsafe
https://www.news.com/key-takeaways-from-privacy-standards-draft-in-latest-update,32,brand_safe
https://www.news.com/homeland-security-faces-looting-allegations-explainer,14,unsafe
https://www.news.com/nato-faces-wildfire-allegations-as-markets-react,6,unsafe
https://www.news.com/inside-the-biden-what-homeland-security-and-health-officials-are-saying-as-court-hears-arguments,49,unsafe
https://www.news.com/officials-confirm-indictment-in-un-statement-report-says,26,unsafe
https://www.news.com/white-house-meets-investigators-on-drug-bust-on-the-ground,32,unsafe
https://www.news.com/officials-confirm-cease-fire-in-pentagon-statement-as-court-hears-arguments,38,unsafe
https://www.news.com/pentagon-under-north-korea-investigation-as-court-hears-arguments,4,unsafe
https://www.news.com/what-we-know-about-the-riot-key-takeaways,9,unsafe
https://www.news.com/sanctions-prompts-evacuations-in-latest-update,11,unsafe
https://www.news.com/pentagon-announces-homicide-response-opinion,4,unsafe
https://www.news.com/officials-confirm-taiwan-in-nasa-statement-developing-story,4,unsafe
https://www.news.com/timeline-how-the-asylum-unfolded-as-court-hears-arguments,37,unsafe
https://www.news.com/border-prompts-evacuations-live-coverage,36,unsafe
https://www.news.com/cdc-under-sanctions-investigation-as-markets-react,44,unsafe
https://www.news.com/what-we-know-about-the-bribery-as-storms-approach,34,unsafe
https://www.news.com/explainer-the-economic-outlook-report-and-how-it-works-analysis,5,brand_safe
https://www.news.com/fbi-under-ukraine-investigation-amid-growing-concern,47,unsafe
https://www.news.com/live-updates-justice-department-and-investigators-in-iran-in-latest-update,21,unsafe
https://www.news.com/un-meets-judges-on-cease-fire-analysis,28,unsafe
https://www.news.com/timeline-how-the-ukraine-unfolded-opinion,50,unsafe
https://www.news.com/pentagon-announces-explosion-response-breaking,12,unsafe
https://www.news.com/mass-protest-prompts-evacuations-breaking,40,unsafe
https://www.news.com/eu-meets-judges-on-kidnapping-as-voters-weigh-in,26,unsafe
https://www.news.com/inside-the-earthquake-what-congress-and-judges-are-saying-analysis,35,unsafe
https://www.news.com/live-updates-congress-and-health-officials-in-mass-protest-as-pressure-mounts,11,unsafe
https://www.news.com/timeline-how-the-kidnapping-unfolded-on-the-ground,21,unsafe
https://www.news.com/nato-faces-taiwan-allegations-breaking,40,unsafe
https://www.news.com/inside-the-deportation-what-un-and-judges-are-saying-developing-story,21,unsafe
https://www.news.com/live-updates-pentagon-and-military-leaders-in-israel-fact-check,15,unsafe
https://www.news.com/inside-the-indictment-what-nasa-and-experts-are-saying-full-timeline,48,unsafe
https://www.news.com/what-we-know-about-the-curfew-after-overnight,30,unsafe
https://www.news.com/congress-meets-experts-on-harris-opinion,26,unsafe
https://www.news.com/state-department-under-ukraine-investigation-report-says,19,unsafe
https://www.news.com/fbi-under-looting-investigation-explainer,1,unsafe
https://www.news.com/data-shows-trends-in-budget-committee-meeting-as-pressure-mounts,8,brand_safe
https://www.news.com/officials-confirm-biden-in-nato-statement-what-we-know,49,unsafe
https://www.news.com/white-house-faces-fraud-allegations-fact-check,6,unsafe
https://www.news.com/un-meets-governors-on-looting-full-timeline,4,unsafe
https://www.news.com/zelensky-prompts-evacuations-as-storms-approach,18,unsafe
https://www.news.com/fraud-prompts-evacuations-amid-growing-concern,45,unsafe
https://www.news.com/timeline-how-the-south-china-sea-unfolded-analysis,7,unsafe
https://www.news.com/nato-announces-biden-response-as-markets-react,2,unsafe
https://www.news.com/congress-announces-looting-response-after-overnight,1,unsafe
https://www.news.com/tornado-prompts-evacuations-amid-growing-concern,47,unsafe
https://www.news.com/officials-confirm-border-in-homeland-security-statement-explainer,23,unsafe
https://www.news.com/un-announces-lawsuit-response-after-overnight,25,unsafe
https://www.news.com/justice-department-meets-health-officials-on-spy-balloon-breaking,27,unsafe
https://www.news.com/officials-confirm-homicide-in-fbi-statement-amid-growing-concern,21,unsafe
https://www.news.com/pentagon-announces-sanctions-response-photos-and-video,39,unsafe
https://www.news.com/inside-the-spy-balloon-what-un-and-experts-are-saying-fact-check,17,unsafe
https://www.news.com/nasa-announces-tornado-response-on-the-ground,43,unsafe
https://www.news.com/live-updates-nato-and-economists-in-harris-in-latest-update,30,unsafe
https://www.news.com/what-we-know-about-the-indictment-as-pressure-mounts,47,unsafe
https://www.news.com/officials-confirm-deportation-in-pentagon-statement-developing-story,41,unsafe
https://www.news.com/zelensky-prompts-evacuations-as-officials-say,36,unsafe
https://www.news.com/inside-the-cease-fire-what-congress-and-military-leaders-are-saying-after-overnight,17,unsafe
https://www.news.com/what-we-know-about-the-ukraine-as-markets-react,4,unsafe
https://www.news.com/court-schedules-arguments-on-school-curriculum-proposal-as-voters-weigh-in,27,brand_safe
https://www.news.com/putin-prompts-evacuations-fact-check,7,unsafe
https://www.news.com/timeline-how-the-deportation-unfolded-fact-check,37,unsafe
https://www.news.com/hurricane-prompts-evacuations-as-court-hears-arguments,48,unsafe
https://www.news.com/city-leaders-debate-disaster-preparedness-drill-as-officials-say,13,brand_safe
https://www.news.com/budget-panel-outlines-technology-regulation-hearing-report-says,37,brand_safe
https://www.news.com/inside-the-asylum-what-eu-and-investigators-are-saying-report-says,3,unsafe
https://www.news.com/inside-the-iran-what-justice-department-and-senators-are-saying-key-takeaways,6,unsafe
https://www.news.com/congress-under-north-korea-investigation-live-coverage,16,unsafe
https://www.news.com/timeline-how-the-gaza-unfolded-live-coverage,23,unsafe
https://www.news.com/live-updates-justice-department-and-health-officials-in-sanctions-fact-check,27,unsafe
https://www.news.com/what-we-know-about-the-corruption-live-coverage,47,unsafe
https://www.news.com/inside-the-harris-what-un-and-experts-are-saying-as-officials-say,39,unsafe
https://www.news.com/inside-the-hurricane-what-nasa-and-investigators-are-saying-live-coverage,39,unsafe
https://www.news.com/timeline-how-the-border-unfolded-explainer,27,unsafe
https://www.news.com/fbi-faces-bribery-allegations-photos-and-video,19,unsafe
https://www.news.com/white-house-meets-senators-on-israel-analysis,12,unsafe
https://www.news.com/congress-under-indictment-investigation-as-officials-say,45,unsafe
https://www.news.com/state-department-faces-shooting-allegations-after-overnight,5,unsafe
https://www.news.com/fbi-meets-health-officials-on-fentanyl-amid-growing-concern,36,unsafe
https://www.news.com/timeline-how-the-looting-unfolded-as-pressure-mounts,35,unsafe
https://www.news.com/timeline-how-the-state-of-emergency-unfolded-on-the-ground,7,unsafe
https://www.news.com/live-updates-state-department-and-aid-workers-in-explosion-developing-story,3,unsafe
https://www.news.com/inside-the-asylum-what-white-house-and-investigators-are-saying-fact-check,6,unsafe
https://www.news.com/what-we-know-about-the-russia-as-officials-say,10,unsafe
https://www.news.com/timeline-how-the-border-unfolded-as-voters-weigh-in,19,unsafe
https://www.news.com/justice-department-under-corruption-investigation-as-storms-approach,19,unsafe
https://www.news.com/inside-the-iran-what-homeland-security-and-judges-are-saying-full-timeline,11,unsafe
https://www.news.com/nato-faces-mass-protest-allegations-as-court-hears-arguments,12,unsafe
https://www.news.com/nasa-under-harris-investigation-breaking,20,unsafe
https://www.news.com/nato-announces-putin-response-what-we-know,24,unsafe
https://www.news.com/inside-the-cartel-what-state-department-and-senators-are-saying-as-pressure-mounts,2,unsafe
https://www.news.com/key-takeaways-from-disaster-preparedness-drill-breaking,50,brand_safe
https://www.news.com/what-we-know-about-the-airstrike-after-overnight,48,unsafe
https://www.news.com/ukraine-prompts-evacuations-explainer,1,unsafe
https://www.news.com/officials-confirm-riot-in-fbi-statement-full-timeline,7,unsafe
https://www.news.com/eu-meets-health-officials-on-border-breaking,10,unsafe
https://www.news.com/eu-under-lawsuit-investigation-in-latest-update,31,unsafe
https://www.news.com/timeline-how-the-wildfire-unfolded-as-court-hears-arguments,33,unsafe
https://www.news.com/inside-the-ukraine-what-un-and-economists-are-saying-key-takeaways,47,unsafe
https://www.news.com/white-house-meets-economists-on-kidnapping-what-we-know,16,unsafe
https://www.news.com/officials-confirm-corruption-in-justice-department-statement-explainer,5,unsafe
https://www.news.com/officials-confirm-cartel-in-homeland-security-statement-as-pressure-mounts,19,unsafe
https://www.news.com/homeland-security-announces-floods-response-amid-growing-concern,29,unsafe
https://www.news.com/officials-confirm-indictment-in-homeland-security-statement-after-overnight,33,unsafe
https://www.news.com/live-updates-eu-and-experts-in-israel-after-overnight,35,unsafe
https://www.news.com/inside-the-fentanyl-what-nasa-and-military-leaders-are-saying-after-overnight,24,unsafe
https://www.news.com/russia-prompts-evacuations-photos-and-video,16,unsafe
https://www.news.com/officials-confirm-taiwan-in-state-department-statement-as-officials-say,19,unsafe
https://www.news.com/officials-confirm-north-korea-in-homeland-security-statement-breaking,40,unsafe
https://www.news.com/nasa-announces-spy-balloon-response-what-we-know,44,unsafe
https://www.news.com/officials-propose-infrastructure-bill-update-key-takeaways,4,brand_safe
https://www.news.com/inside-the-south-china-sea-what-fbi-and-military-leaders-are-saying-as-pressure-mounts,15,unsafe
https://www.news.com/timeline-how-the-fraud-unfolded-analysis,17,unsafe
https://www.news.com/fbi-under-homicide-investigation-in-latest-update,25,unsafe
https://www.news.com/inside-the-immigration-crackdown-what-cdc-and-aid-workers-are-saying-key-takeaways,48,unsafe
https://www.news.com/officials-propose-traffic-safety-initiative-as-pressure-mounts,13,brand_safe
https://www.news.com/israel-prompts-evacuations-fact-check,43,unsafe
https://www.news.com/inside-the-cartel-what-eu-and-health-officials-are-saying-breaking,32,unsafe
https://www.news.com/eu-announces-shooting-response-after-overnight,25,unsafe
https://www.news.com/airstrike-prompts-evacuations-photos-and-video,10,unsafe
https://www.news.com/inside-the-riot-what-un-and-health-officials-are-saying-as-court-hears-arguments,3,unsafe
https://www.news.com/inside-the-floods-what-nato-and-aid-workers-are-saying-photos-and-video,36,unsafe
https://www.news.com/riot-prompts-evacuations-after-overnight,46,unsafe
https://www.news.com/pentagon-announces-ukraine-response-live-coverage,34,unsafe
https://www.news.com/timeline-how-the-deportation-unfolded-breaking,15,unsafe
https://www.news.com/justice-department-meets-judges-on-gaza-what-we-know,2,unsafe
https://www.news.com/bribery-prompts-evacuations-what-we-know,23,unsafe
https://www.news.com/state-of-emergency-prompts-evacuations-fact-check,19,unsafe
https://www.news.com/taiwan-prompts-evacuations-photos-and-video,40,unsafe
https://www.news.com/pentagon-faces-curfew-allegations-on-the-ground,40,unsafe
https://www.news.com/what-we-know-about-the-harris-analysis,26,unsafe
https://www.news.com/state-department-faces-state-of-emergency-allegations-on-the-ground,26,unsafe
https://www.news.com/state-department-meets-senators-on-deportation-as-storms-approach,13,unsafe
https://www.news.com/nasa-meets-economists-on-zelensky-in-latest-update,44,unsafe
https://www.news.com/nasa-faces-asylum-allegations-explainer,4,unsafe
https://www.news.com/what-we-know-about-the-bribery-as-storms-approach,3,unsafe
https://www.news.com/cartel-prompts-evacuations-live-coverage,29,unsafe
https://www.news.com/what-we-know-about-the-fentanyl-what-we-know,10,unsafe
https://www.news.com/city-leaders-debate-jobs-numbers-release-full-timeline,37,brand_safe
https://www.news.com/what-we-know-about-the-gaza-developing-story,29,unsafe
https://www.news.com/congress-meets-aid-workers-on-mass-protest-photos-and-video,22,unsafe
https://www.news.com/budget-panel-outlines-transportation-upgrades-plan-as-voters-weigh-in,44,brand_safe
https://www.news.com/what-we-know-about-the-mass-protest-amid-growing-concern,41,unsafe
https://www.news.com/inside-the-mass-protest-what-pentagon-and-investigators-are-saying-as-voters-weigh-in,47,unsafe
https://www.news.com/officials-propose-technology-regulation-hearing-analysis,7,brand_safe
https://www.news.com/data-shows-trends-in-school-curriculum-proposal-after-overnight,43,brand_safe
https://www.news.com/what-we-know-about-the-zelensky-live-coverage,46,unsafe
https://www.news.com/nasa-under-fraud-investigation-as-storms-approach,28,unsafe
https://www.news.com/timeline-how-the-sanctions-unfolded-fact-check,20,unsafe
https://www.news.com/inside-the-zelensky-what-cdc-and-governors-are-saying-as-voters-weigh-in,25,unsafe
https://www.news.com/homeland-security-under-israel-investigation-live-coverage,17,unsafe
https://www.news.com/inside-the-deportation-what-justice-department-and-governors-are-saying-as-markets-react,11,unsafe
https://www.news.com/eu-announces-floods-response-fact-check,20,unsafe
https://www.news.com/white-house-announces-looting-response-as-storms-approach,22,unsafe
https://www.news.com/inside-the-china-what-white-house-and-aid-workers-are-saying-as-officials-say,48,unsafe
https://www.news.com/budget-panel-outlines-budget-committee-meeting-amid-growing-concern,49,brand_safe
https://www.news.com/live-updates-pentagon-and-mayors-in-hurricane-breaking,34,unsafe
https://www.news.com/inside-the-russia-what-eu-and-military-leaders-are-saying-photos-and-video,39,unsafe
https://www.news.com/fbi-meets-investigators-on-homicide-key-takeaways,41,unsafe
https://www.news.com/live-updates-pentagon-and-governors-in-looting-fact-check,26,unsafe
https://www.news.com/white-house-faces-homicide-allegations-as-voters-weigh-in,6,unsafe
https://www.news.com/officials-confirm-taiwan-in-eu-statement-as-court-hears-arguments,46,unsafe
https://www.news.com/what-we-know-about-the-china-opinion,24,unsafe
https://www.news.com/gaza-prompts-evacuations-on-the-ground,1,unsafe
https://www.news.com/un-meets-experts-on-trump-as-storms-approach,36,unsafe
https://www.news.com/officials-confirm-trump-in-fbi-statement-photos-and-video,47,unsafe
https://www.news.com/state-department-faces-earthquake-allegations-as-markets-react,35,unsafe
https://www.news.com/nato-announces-shooting-response-report-says,22,unsafe
https://www.news.com/justice-department-under-iran-investigation-opinion,14,unsafe
https://www.news.com/live-updates-homeland-security-and-mayors-in-border-as-pressure-mounts,38,unsafe
https://www.news.com/un-announces-china-response-as-markets-react,35,unsafe
https://www.news.com/timeline-how-the-zelensky-unfolded-after-overnight,23,unsafe
https://www.news.com/kidnapping-prompts-evacuations-what-we-know,47,unsafe
https://www.news.com/cdc-under-homicide-investigation-as-pressure-mounts,44,unsafe
https://www.news.com/fbi-faces-bribery-allegations-full-timeline,1,unsafe
https://www.news.com/floods-prompts-evacuations-as-court-hears-arguments,33,unsafe
https://www.news.com/budget-panel-outlines-supreme-court-arguments-explainer,14,brand_safe
https://www.news.com/nasa-under-deportation-investigation-fact-check,6,unsafe
https://www.news.com/white-house-under-indictment-investigation-as-storms-approach,7,unsafe
https://www.news.com/state-department-faces-earthquake-allegations-opinion,48,unsafe
https://www.news.com/pentagon-meets-aid-workers-on-mass-protest-breaking,8,unsafe
https://www.news.com/timeline-how-the-floods-unfolded-opinion,13,unsafe
https://www.news.com/russia-prompts-evacuations-as-storms-approach,19,unsafe
https://www.news.com/congress-announces-fraud-response-full-timeline,46,unsafe
https://www.news.com/officials-confirm-cease-fire-in-fbi-statement-opinion,34,unsafe
https://www.news.com/city-leaders-debate-supreme-court-arguments-as-storms-approach,22,brand_safe
https://www.news.com/what-we-know-about-the-cartel-after-overnight,22,unsafe
https://www.news.com/un-under-fraud-investigation-full-timeline,8,unsafe
https://www.news.com/nato-meets-governors-on-explosion-as-pressure-mounts,49,unsafe
https://www.news.com/eu-under-putin-investigation-developing-story,47,unsafe
https://www.news.com/timeline-how-the-harris-unfolded-as-markets-react,18,unsafe
https://www.news.com/officials-confirm-taiwan-in-white-house-statement-opinion,19,unsafe
https://www.news.com/live-updates-eu-and-health-officials-in-spy-balloon-full-timeline,45,unsafe
https://www.news.com/riot-prompts-evacuations-key-takeaways,47,unsafe
https://www.news.com/timeline-how-the-earthquake-unfolded-report-says,38,unsafe
https://www.news.com/congress-faces-cartel-allegations-explainer,50,unsafe
https://www.news.com/officials-confirm-biden-in-state-department-statement-as-pressure-mounts,23,unsafe
https://www.news.com/inside-the-sanctions-what-eu-and-mayors-are-saying-fact-check,9,unsafe
https://www.news.com/homeland-security-under-mass-protest-investigation-as-court-hears-arguments,31,unsafe
https://www.news.com/what-we-know-about-the-earthquake-as-markets-react,49,unsafe
https://www.news.com/homeland-security-announces-north-korea-response-developing-story,28,unsafe
https://www.news.com/justice-department-faces-asylum-allegations-as-officials-say,18,unsafe
https://www.news.com/pentagon-faces-israel-allegations-live-coverage,48,unsafe
https://www.news.com/inside-the-wildfire-what-white-house-and-experts-are-saying-what-we-know,38,unsafe
https://www.news.com/eu-announces-earthquake-response-explainer,26,unsafe
https://www.news.com/justice-department-under-looting-investigation-analysis,31,unsafe
https://www.news.com/bribery-prompts-evacuations-report-says,25,unsafe
https://www.news.com/north-korea-prompts-evacuations-as-storms-approach,16,unsafe
https://www.news.com/what-we-know-about-the-corruption-live-coverage,48,unsafe
https://www.news.com/eu-faces-explosion-allegations-live-coverage,10,unsafe
https://www.news.com/what-we-know-about-the-lawsuit-key-takeaways,21,unsafe
https://www.news.com/timeline-how-the-kidnapping-unfolded-as-storms-approach,34,unsafe
https://www.news.com/what-we-know-about-the-bribery-developing-story,30,unsafe
https://www.news.com/live-updates-pentagon-and-health-officials-in-north-korea-as-storms-approach,14,unsafe
https://www.news.com/officials-confirm-spy-balloon-in-congress-statement-as-officials-say,47,unsafe
https://www.news.com/officials-confirm-mass-protest-in-cdc-statement-as-officials-say,15,unsafe
https://www.news.com/inside-the-indictment-what-white-house-and-military-leaders-are-saying-key-takeaways,45,unsafe
https://www.news.com/timeline-how-the-wildfire-unfolded-full-timeline,38,unsafe
https://www.news.com/tornado-prompts-evacuations-what-we-know,25,unsafe
https://www.news.com/city-leaders-debate-environmental-policy-review-as-storms-approach,49,brand_safe
https://www.news.com/immigration-crackdown-prompts-evacuations-developing-story,14,unsafe
https://www.news.com/nasa-announces-cartel-response-opinion,35,unsafe
https://www.news.com/justice-department-faces-taiwan-allegations-explainer,28,unsafe
https://www.news.com/inside-the-riot-what-un-and-experts-are-saying-analysis,44,unsafe
https://www.news.com/what-we-know-about-the-trump-analysis,17,unsafe
https://www.news.com/data-shows-trends-in-environmental-policy-review-analysis,42,brand_safe
https://www.news.com/zelensky-prompts-evacuations-fact-check,10,unsafe
https://www.news.com/officials-confirm-spy-balloon-in-white-house-statement-as-pressure-mounts,28,unsafe
https://www.news.com/white-house-announces-deportation-response-analysis,29,unsafe
https://www.news.com/timeline-how-the-state-of-emergency-unfolded-as-court-hears-arguments,24,unsafe
https://www.news.com/live-updates-nasa-and-mayors-in-riot-as-pressure-mounts,39,unsafe
https://www.news.com/court-schedules-arguments-on-public-health-advisory-key-takeaways,48,brand_safe
https://www.news.com/inside-the-drug-bust-what-eu-and-military-leaders-are-saying-as-markets-react,50,unsafe
https://www.news.com/timeline-how-the-south-china-sea-unfolded-fact-check,8,unsafe
https://www.news.com/inside-the-floods-what-pentagon-and-health-officials-are-saying-opinion,31,unsafe
https://www.news.com/officials-propose-disaster-preparedness-drill-explainer,45,brand_safe
https://www.news.com/officials-confirm-trump-in-eu-statement-fact-check,38,unsafe
https://www.news.com/fbi-faces-immigration-crackdown-allegations-as-court-hears-arguments,37,unsafe
https://www.news.com/officials-confirm-airstrike-in-homeland-security-statement-what-we-know,22,unsafe
https://www.news.com/pentagon-announces-tornado-response-fact-check,28,unsafe
https://www.news.com/live-updates-state-department-and-investigators-in-tornado-as-pressure-mounts,5,unsafe
https://www.news.com/what-we-know-about-the-cartel-developing-story,24,unsafe
https://www.news.com/officials-confirm-hurricane-in-un-statement-breaking,6,unsafe
https://www.news.com/live-updates-congress-and-experts-in-sanctions-opinion,35,unsafe
https://www.news.com/budget-panel-outlines-energy-efficiency-program-as-voters-weigh-in,3,brand_safe
https://www.news.com/un-faces-north-korea-allegations-opinion,24,unsafe
https://www.news.com/what-we-know-about-the-gaza-as-voters-weigh-in,6,unsafe
https://www.news.com/timeline-how-the-looting-unfolded-fact-check,38,unsafe
https://www.news.com/fentanyl-prompts-evacuations-breaking,12,unsafe
https://www.news.com/justice-department-holds-traffic-safety-initiative-hearing-as-markets-react,10,brand_safe
https://www.news.com/what-we-know-about-the-floods-what-we-know,2,unsafe
https://www.news.com/live-updates-un-and-military-leaders-in-drug-bust-opinion,43,unsafe
https://www.news.com/congress-faces-south-china-sea-allegations-report-says,31,unsafe
https://www.news.com/justice-department-announces-wildfire-response-in-latest-update,48,unsafe
https://www.news.com/fbi-under-taiwan-investigation-analysis,15,unsafe
https://www.news.com/officials-propose-disaster-preparedness-drill-as-officials-say,43,brand_safe
https://www.news.com/nato-faces-corruption-allegations-full-timeline,7,unsafe
https://www.news.com/justice-department-faces-taiwan-allegations-full-timeline,15,unsafe
https://www.news.com/inside-the-floods-what-congress-and-aid-workers-are-saying-key-takeaways,24,unsafe
https://www.news.com/fbi-under-cease-fire-investigation-as-officials-say,14,unsafe
https://www.news.com/eu-under-cartel-investigation-photos-and-video,41,unsafe
https://www.news.com/timeline-how-the-explosion-unfolded-live-coverage,3,unsafe
https://www.news.com/un-meets-health-officials-on-biden-in-latest-update,17,unsafe
https://www.news.com/what-we-know-about-the-looting-developing-story,22,unsafe
https://www.news.com/eu-under-biden-investigation-analysis,26,unsafe
https://www.news.com/un-under-taiwan-investigation-developing-story,23,unsafe
https://www.news.com/data-shows-trends-in-jobs-numbers-release-photos-and-video,2,brand_safe
https://www.news.com/officials-confirm-wildfire-in-un-statement-report-says,34,unsafe
https://www.news.com/taiwan-prompts-evacuations-live-coverage,16,unsafe
https://www.news.com/what-the-new-consumer-protection-guidance-means-for-families-key-takeaways,24,brand_safe
https://www.news.com/officials-confirm-shooting-in-justice-department-statement-as-officials-say,30,unsafe
https://www.news.com/inside-the-trump-what-nasa-and-experts-are-saying-as-court-hears-arguments,22,unsafe
https://www.news.com/officials-confirm-cease-fire-in-nasa-statement-full-timeline,48,unsafe
https://www.news.com/justice-department-meets-military-leaders-on-state-of-emergency-report-says,3,unsafe
https://www.news.com/what-we-know-about-the-riot-developing-story,33,unsafe
https://www.news.com/cartel-prompts-evacuations-on-the-ground,20,unsafe
https://www.news.com/fbi-faces-wildfire-allegations-developing-story,30,unsafe
https://www.news.com/cease-fire-prompts-evacuations-amid-growing-concern,28,unsafe
https://www.news.com/timeline-how-the-iran-unfolded-report-says,46,unsafe
https://www.news.com/congress-under-zelensky-investigation-analysis,1,unsafe
https://www.news.com/nato-faces-spy-balloon-allegations-photos-and-video,48,unsafe
https://www.news.com/eu-meets-governors-on-explosion-developing-story,17,unsafe
https://www.news.com/homeland-security-meets-judges-on-shooting-analysis,50,unsafe
https://www.news.com/data-shows-trends-in-energy-efficiency-program-fact-check,2,brand_safe
https://www.news.com/pentagon-faces-harris-allegations-as-officials-say,14,unsafe
https://www.news.com/nato-announces-deportation-response-as-markets-react,10,unsafe
https://www.news.com/officials-confirm-gaza-in-nasa-statement-in-latest-update,1,unsafe
https://www.news.com/what-we-know-about-the-south-china-sea-full-timeline,49,unsafe
https://www.news.com/deportation-prompts-evacuations-developing-story,45,unsafe
https://www.news.com/eu-meets-governors-on-trump-amid-growing-concern,8,unsafe
https://www.news.com/live-updates-un-and-senators-in-north-korea-in-latest-update,36,unsafe
https://www.news.com/harris-prompts-evacuations-developing-story,41,unsafe
https://www.news.com/earthquake-prompts-evacuations-opinion,24,unsafe
https://www.news.com/china-prompts-evacuations-as-voters-weigh-in,39,unsafe
https://www.news.com/officials-confirm-north-korea-in-state-department-statement-amid-growing-concern,19,unsafe
https://www.news.com/officials-confirm-cease-fire-in-nasa-statement-breaking,15,unsafe
https://www.news.com/explainer-the-data-transparency-rule-and-how-it-works-developing-story,31,brand_safe
https://www.news.com/officials-confirm-asylum-in-white-house-statement-as-voters-weigh-in,34,unsafe
https://www.news.com/timeline-how-the-tornado-unfolded-explainer,34,unsafe
https://www.news.com/nasa-holds-economic-outlook-report-hearing-key-takeaways,32,brand_safe
https://www.news.com/earthquake-prompts-evacuations-as-court-hears-arguments,40,unsafe
https://www.news.com/pentagon-under-explosion-investigation-as-pressure-mounts,4,unsafe
https://www.news.com/inside-the-israel-what-justice-department-and-judges-are-saying-explainer,36,unsafe
https://www.news.com/justice-department-under-cartel-investigation-as-court-hears-arguments,15,unsafe
https://www.news.com/justice-department-announces-russia-response-key-takeaways,21,unsafe
https://www.news.com/fbi-under-biden-investigation-as-pressure-mounts,1,unsafe
https://www.news.com/what-we-know-about-the-fentanyl-as-officials-say,50,unsafe
https://www.news.com/what-we-know-about-the-china-what-we-know,18,unsafe
https://www.news.com/officials-confirm-iran-in-fbi-statement-as-storms-approach,7,unsafe
https://www.news.com/what-we-know-about-the-riot-on-the-ground,24,unsafe
https://www.news.com/pentagon-faces-gaza-allegations-report-says,11,unsafe
https://www.news.com/officials-confirm-fraud-in-cdc-statement-in-latest-update,38,unsafe
https://www.news.com/what-the-new-energy-efficiency-program-means-for-families-in-latest-update,7,brand_safe
https://www.news.com/officials-confirm-homicide-in-homeland-security-statement-breaking,50,unsafe
https://www.news.com/timeline-how-the-sanctions-unfolded-report-says,18,unsafe
https://www.news.com/live-updates-un-and-governors-in-mass-protest-fact-check,34,unsafe
https://www.news.com/pentagon-announces-drug-bust-response-on-the-ground,39,unsafe
https://www.news.com/live-updates-eu-and-investigators-in-hurricane-as-officials-say,32,unsafe
https://www.news.com/officials-confirm-china-in-pentagon-statement-photos-and-video,11,unsafe
https://www.news.com/cdc-announces-tornado-response-on-the-ground,21,unsafe
https://www.news.com/what-the-new-technology-regulation-hearing-means-for-families-photos-and-video,15,brand_safe
https://www.news.com/pentagon-holds-education-policy-debate-hearing-photos-and-video,6,brand_safe
https://www.news.com/officials-confirm-bribery-in-nato-statement-after-overnight,46,unsafe
https://www.news.com/curfew-prompts-evacuations-as-storms-approach,47,unsafe
https://www.news.com/un-meets-aid-workers-on-spy-balloon-explainer,35,unsafe
https://www.news.com/what-we-know-about-the-spy-balloon-after-overnight,4,unsafe
https://www.news.com/court-schedules-arguments-on-transportation-upgrades-plan-live-coverage,34,brand_safe
https://www.news.com/south-china-sea-prompts-evacuations-in-latest-update,29,unsafe
https://www.news.com/un-faces-russia-allegations-analysis,32,unsafe
https://www.news.com/congress-announces-russia-response-live-coverage,11,unsafe
https://www.news.com/inside-the-russia-what-cdc-and-economists-are-saying-what-we-know,48,unsafe
https://www.news.com/what-we-know-about-the-floods-breaking,30,unsafe
https://www.news.com/officials-confirm-floods-in-homeland-security-statement-explainer,31,unsafe
https://www.news.com/what-we-know-about-the-sanctions-breaking,19,unsafe
https://www.news.com/nasa-under-explosion-investigation-as-markets-react,38,unsafe
https://www.news.com/what-we-know-about-the-north-korea-breaking,18,unsafe
https://www.news.com/nato-under-corruption-investigation-as-storms-approach,28,unsafe
https://www.news.com/what-we-know-about-the-russia-explainer,19,unsafe
https://www.news.com/nasa-announces-spy-balloon-response-as-markets-react,33,unsafe
https://www.news.com/what-we-know-about-the-looting-as-voters-weigh-in,21,unsafe
https://www.news.com/live-updates-nasa-and-governors-in-airstrike-developing-story,24,unsafe
https://www.news.com/inside-the-cease-fire-what-state-department-and-military-leaders-are-saying-full-timeline,8,unsafe
https://www.news.com/what-we-know-about-the-drug-bust-live-coverage,17,unsafe
https://www.news.com/fbi-announces-explosion-response-key-takeaways,12,unsafe
https://www.news.com/what-we-know-about-the-state-of-emergency-photos-and-video,26,unsafe
https://www.news.com/what-we-know-about-the-corruption-amid-growing-concern,31,unsafe
https://www.news.com/deportation-prompts-evacuations-opinion,11,unsafe
https://www.news.com/justice-department-faces-mass-protest-allegations-breaking,22,unsafe
https://www.news.com/explainer-the-school-curriculum-proposal-and-how-it-works-as-court-hears-arguments,29,brand_safe
https://www.news.com/zelensky-prompts-evacuations-developing-story,40,unsafe
https://www.news.com/border-prompts-evacuations-as-court-hears-arguments,33,unsafe
https://www.news.com/officials-confirm-state-of-emergency-in-nato-statement-as-pressure-mounts,27,unsafe
https://www.news.com/key-takeaways-from-supreme-court-arguments-in-latest-update,49,brand_safe
https://www.news.com/white-house-faces-shooting-allegations-developing-story,48,unsafe
https://www.news.com/inside-the-looting-what-pentagon-and-health-officials-are-saying-report-says,32,unsafe
https://www.news.com/what-we-know-about-the-gaza-as-voters-weigh-in,50,unsafe
https://www.news.com/inside-the-russia-what-nato-and-aid-workers-are-saying-breaking,19,unsafe
https://www.news.com/data-shows-trends-in-technology-regulation-hearing-after-overnight,26,brand_safe
https://www.news.com/officials-confirm-riot-in-white-house-statement-key-takeaways,22,unsafe
https://www.news.com/cdc-announces-fraud-response-as-court-hears-arguments,31,unsafe
https://www.news.com/putin-prompts-evacuations-full-timeline,2,unsafe
https://www.news.com/nasa-releases-report-on-consumer-protection-guidance-fact-check,23,brand_safe
https://www.news.com/state-department-meets-aid-workers-on-putin-fact-check,35,unsafe
https://www.news.com/city-leaders-debate-internet-safety-bill-key-takeaways,11,brand_safe
https://www.news.com/sanctions-prompts-evacuations-live-coverage,10,unsafe
https://www.news.com/what-we-know-about-the-immigration-crackdown-as-markets-react,29,unsafe
https://www.news.com/white-house-meets-judges-on-sanctions-as-officials-say,19,unsafe
https://www.news.com/timeline-how-the-biden-unfolded-on-the-ground,21,unsafe
https://www.news.com/nato-faces-south-china-sea-allegations-report-says,11,unsafe
https://www.news.com/white-house-meets-senators-on-earthquake-breaking,2,unsafe
https://www.news.com/homeland-security-under-hurricane-investigation-amid-growing-concern,29,unsafe
https://www.news.com/what-we-know-about-the-hurricane-key-takeaways,13,unsafe
https://www.news.com/what-we-know-about-the-ukraine-analysis,6,unsafe
https://www.news.com/what-we-know-about-the-state-of-emergency-explainer,32,unsafe
https://www.news.com/nato-faces-shooting-allegations-as-officials-say,5,unsafe
https://www.news.com/officials-confirm-putin-in-pentagon-statement-full-timeline,50,unsafe
https://www.news.com/officials-confirm-china-in-eu-statement-in-latest-update,19,unsafe
https://www.news.com/congress-faces-explosion-allegations-on-the-ground,5,unsafe
https://www.news.com/fbi-announces-harris-response-report-says,45,unsafe
https://www.news.com/live-updates-justice-department-and-judges-in-mass-protest-analysis,43,unsafe
https://www.news.com/nato-under-spy-balloon-investigation-analysis,4,unsafe
https://www.news.com/officials-confirm-sanctions-in-justice-department-statement-as-storms-approach,47,unsafe
https://www.news.com/justice-department-meets-investigators-on-israel-as-court-hears-arguments,17,unsafe
https://www.news.com/state-department-under-kidnapping-investigation-what-we-know,25,unsafe
https://www.news.com/un-meets-governors-on-zelensky-as-voters-weigh-in,18,unsafe
https://www.news.com/curfew-prompts-evacuations-breaking,25,unsafe
https://www.news.com/white-house-faces-biden-allegations-explainer,12,unsafe
https://www.news.com/white-house-announces-border-response-in-latest-update,6,unsafe
https://www.news.com/inside-the-wildfire-what-fbi-and-aid-workers-are-saying-live-coverage,23,unsafe
https://www.news.com/white-house-meets-mayors-on-lawsuit-as-court-hears-arguments,11,unsafe
https://www.news.com/inside-the-russia-what-white-house-and-experts-are-saying-amid-growing-concern,14,unsafe
https://www.news.com/what-we-know-about-the-taiwan-after-overnight,24,unsafe
https://www.news.com/live-updates-nato-and-aid-workers-in-harris-after-overnight,35,unsafe
https://www.news.com/kidnapping-prompts-evacuations-fact-check,47,unsafe
https://www.news.com/inside-the-sanctions-what-homeland-security-and-senators-are-saying-on-the-ground,32,unsafe
https://www.news.com/what-we-know-about-the-trump-developing-story,18,unsafe
https://www.news.com/nato-under-deportation-investigation-on-the-ground,9,unsafe
https://www.news.com/pentagon-announces-deportation-response-photos-and-video,30,unsafe
https://www.news.com/fbi-faces-trump-allegations-report-says,1,unsafe
https://www.news.com/harris-prompts-evacuations-report-says,30,unsafe
https://www.news.com/homeland-security-announces-tornado-response-in-latest-update,24,unsafe
https://www.news.com/what-we-know-about-the-riot-amid-growing-concern,9,unsafe
https://www.news.com/fbi-faces-tornado-allegations-breaking,38,unsafe
https://www.news.com/white-house-faces-biden-allegations-full-timeline,31,unsafe
https://www.news.com/key-takeaways-from-infrastructure-bill-update-report-says,39,brand_safe
https://www.news.com/inside-the-fraud-what-white-house-and-investigators-are-saying-report-says,30,unsafe
https://www.news.com/inside-the-explosion-what-white-house-and-governors-are-saying-opinion,47,unsafe
https://www.news.com/cdc-faces-riot-allegations-explainer,12,unsafe
https://www.news.com/homeland-security-under-border-investigation-as-voters-weigh-in,38,unsafe
https://www.news.com/nasa-under-bribery-investigation-as-storms-approach,31,unsafe
https://www.news.com/riot-prompts-evacuations-report-says,6,unsafe
https://www.news.com/fbi-meets-health-officials-on-wildfire-on-the-ground,40,unsafe
https://www.news.com/officials-confirm-putin-in-homeland-security-statement-as-storms-approach,7,unsafe
https://www.news.com/officials-confirm-putin-in-pentagon-statement-as-voters-weigh-in,13,unsafe
https://www.news.com/homeland-security-meets-military-leaders-on-biden-live-coverage,12,unsafe
https://www.news.com/nato-faces-curfew-allegations-as-markets-react,37,unsafe
https://www.news.com/riot-prompts-evacuations-in-latest-update,8,unsafe
https://www.news.com/live-updates-eu-and-senators-in-deportation-explainer,17,unsafe
https://www.news.com/justice-department-releases-report-on-technology-regulation-hearing-after-overnight,18,brand_safe
https://www.news.com/congress-faces-cartel-allegations-analysis,6,unsafe
https://www.news.com/officials-confirm-deportation-in-eu-statement-on-the-ground,23,unsafe
https://www.news.com/homeland-security-under-looting-investigation-on-the-ground,28,unsafe
https://www.news.com/fbi-faces-israel-allegations-photos-and-video,12,unsafe
https://www.news.com/eu-meets-senators-on-cease-fire-what-we-know,37,unsafe
https://www.news.com/homeland-security-announces-fentanyl-response-explainer,4,unsafe
https://www.news.com/timeline-how-the-china-unfolded-on-the-ground,43,unsafe
https://www.news.com/what-we-know-about-the-biden-after-overnight,28,unsafe
https://www.news.com/white-house-under-cease-fire-investigation-explainer,11,unsafe
https://www.news.com/officials-confirm-curfew-in-nasa-statement-as-court-hears-arguments,17,unsafe
https://www.news.com/pentagon-announces-floods-response-explainer,21,unsafe
https://www.news.com/timeline-how-the-corruption-unfolded-as-officials-say,36,unsafe
https://www.news.com/eu-faces-bribery-allegations-as-officials-say,15,unsafe
https://www.news.com/fentanyl-prompts-evacuations-analysis,44,unsafe
https://www.news.com/tornado-prompts-evacuations-on-the-ground,3,unsafe
https://www.news.com/officials-confirm-putin-in-pentagon-statement-developing-story,36,unsafe
https://www.news.com/timeline-how-the-russia-unfolded-opinion,36,unsafe
https://www.news.com/fbi-under-hurricane-investigation-in-latest-update,30,unsafe
https://www.news.com/officials-confirm-fentanyl-in-cdc-statement-amid-growing-concern,35,unsafe
https://www.news.com/timeline-how-the-spy-balloon-unfolded-as-court-hears-arguments,38,unsafe
https://www.news.com/explainer-the-traffic-safety-initiative-and-how-it-works-report-says,29,brand_safe
https://www.news.com/live-updates-un-and-mayors-in-looting-on-the-ground,37,unsafe
https://www.news.com/court-schedules-arguments-on-privacy-standards-draft-breaking,50,brand_safe
https://www.news.com/eu-meets-senators-on-spy-balloon-live-coverage,3,unsafe
https://www.news.com/china-prompts-evacuations-amid-growing-concern,24,unsafe
https://www.news.com/congress-faces-taiwan-allegations-explainer,24,unsafe
https://www.news.com/inside-the-hurricane-what-pentagon-and-judges-are-saying-fact-check,38,unsafe
https://www.news.com/inside-the-iran-what-pentagon-and-health-officials-are-saying-photos-and-video,45,unsafe
https://www.news.com/inside-the-looting-what-state-department-and-senators-are-saying-what-we-know,49,unsafe
https://www.news.com/what-we-know-about-the-hurricane-as-officials-say,4,unsafe
https://www.news.com/what-the-new-data-transparency-rule-means-for-families-opinion,44,brand_safe
https://www.news.com/city-leaders-debate-supreme-court-arguments-as-pressure-mounts,3,brand_safe
https://www.news.com/officials-confirm-cease-fire-in-un-statement-live-coverage,2,unsafe
https://www.news.com/cdc-announces-sanctions-response-as-pressure-mounts,39,unsafe
https://www.news.com/inside-the-border-what-homeland-security-and-health-officials-are-saying-full-timeline,49,unsafe
https://www.news.com/un-faces-south-china-sea-allegations-fact-check,25,unsafe
https://www.news.com/israel-prompts-evacuations-as-voters-weigh-in,38,unsafe
https://www.news.com/inside-the-wildfire-what-eu-and-economists-are-saying-as-voters-weigh-in,20,unsafe
https://www.news.com/officials-confirm-indictment-in-justice-department-statement-report-says,36,unsafe
https://www.news.com/officials-propose-environmental-policy-review-analysis,35,brand_safe
https://www.news.com/inside-the-russia-what-white-house-and-senators-are-saying-live-coverage,6,unsafe
https://www.news.com/state-department-announces-corruption-response-photos-and-video,24,unsafe
https://www.news.com/justice-department-holds-budget-committee-meeting-hearing-amid-growing-concern,46,brand_safe
https://www.news.com/live-updates-state-department-and-economists-in-russia-report-says,28,unsafe
https://www.news.com/un-announces-state-of-emergency-response-in-latest-update,15,unsafe
https://www.news.com/israel-prompts-evacuations-fact-check,15,unsafe
https://www.news.com/south-china-sea-prompts-evacuations-as-markets-react,13,unsafe
https://www.news.com/officials-confirm-russia-in-justice-department-statement-as-pressure-mounts,36,unsafe
https://www.news.com/fraud-prompts-evacuations-explainer,23,unsafe
https://www.news.com/inside-the-sanctions-what-homeland-security-and-military-leaders-are-saying-what-we-know,29,unsafe
https://www.news.com/homeland-security-faces-russia-allegations-analysis,15,unsafe
https://www.news.com/cdc-faces-indictment-allegations-analysis,21,unsafe
https://www.news.com/eu-meets-aid-workers-on-homicide-after-overnight,41,unsafe
https://www.news.com/live-updates-state-department-and-military-leaders-in-trump-opinion,1,unsafe
https://www.news.com/sanctions-prompts-evacuations-after-overnight,46,unsafe
https://www.news.com/what-we-know-about-the-immigration-crackdown-photos-and-video,29,unsafe
https://www.news.com/pentagon-announces-fraud-response-photos-and-video,25,unsafe
https://www.news.com/live-updates-pentagon-and-mayors-in-bribery-photos-and-video,4,unsafe
https://www.news.com/cdc-meets-investigators-on-floods-live-coverage,40,unsafe
https://www.news.com/timeline-how-the-iran-unfolded-fact-check,44,unsafe
https://www.news.com/fbi-announces-taiwan-response-full-timeline,33,unsafe
https://www.news.com/live-updates-cdc-and-health-officials-in-indictment-as-storms-approach,8,unsafe
https://www.news.com/floods-prompts-evacuations-explainer,20,unsafe
https://www.news.com/homicide-prompts-evacuations-fact-check,41,unsafe
https://www.news.com/data-shows-trends-in-education-policy-debate-explainer,39,brand_safe
https://www.news.com/officials-confirm-airstrike-in-congress-statement-explainer,43,unsafe
https://www.news.com/timeline-how-the-immigration-crackdown-unfolded-as-storms-approach,35,unsafe
https://www.news.com/justice-department-faces-riot-allegations-as-markets-react,2,unsafe
https://www.news.com/key-takeaways-from-technology-regulation-hearing-as-storms-approach,41,brand_safe
https://www.news.com/what-we-know-about-the-fentanyl-amid-growing-concern,50,unsafe
https://www.news.com/nato-under-riot-investigation-developing-story,41,unsafe
https://www.news.com/timeline-how-the-tornado-unfolded-fact-check,29,unsafe
https://www.news.com/un-announces-cease-fire-response-as-markets-react,20,unsafe
https://www.news.com/inside-the-harris-what-justice-department-and-senators-are-saying-amid-growing-concern,29,unsafe
https://www.news.com/russia-prompts-evacuations-breaking,31,unsafe
https://www.news.com/russia-prompts-evacuations-what-we-know,41,unsafe
https://www.news.com/white-house-faces-south-china-sea-allegations-developing-story,19,unsafe
https://www.news.com/state-department-announces-ukraine-response-after-overnight,37,unsafe
https://www.news.com/live-updates-un-and-judges-in-taiwan-after-overnight,10,unsafe
https://www.news.com/state-of-emergency-prompts-evacuations-fact-check,4,unsafe
https://www.news.com/nato-meets-health-officials-on-explosion-as-pressure-mounts,15,unsafe
https://www.news.com/timeline-how-the-asylum-unfolded-as-storms-approach,13,unsafe
https://www.news.com/justice-department-announces-putin-response-as-court-hears-arguments,17,unsafe
https://www.news.com/officials-confirm-earthquake-in-cdc-statement-live-coverage,20,unsafe
https://www.news.com/inside-the-iran-what-pentagon-and-mayors-are-saying-what-we-know,6,unsafe
https://www.news.com/pentagon-announces-asylum-response-on-the-ground,8,unsafe
https://www.news.com/inside-the-biden-what-nasa-and-economists-are-saying-key-takeaways,3,unsafe
https://www.news.com/putin-prompts-evacuations-report-says,27,unsafe
https://www.news.com/white-house-under-border-investigation-what-we-know,44,unsafe
https://www.news.com/south-china-sea-prompts-evacuations-analysis,12,unsafe
https://www.news.com/what-we-know-about-the-earthquake-full-timeline,28,unsafe
https://www.news.com/state-of-emergency-prompts-evacuations-what-we-know,42,unsafe
https://www.news.com/white-house-faces-deportation-allegations-full-timeline,14,unsafe
https://www.news.com/justice-department-announces-iran-response-photos-and-video,40,unsafe
https://www.news.com/what-we-know-about-the-kidnapping-as-voters-weigh-in,33,unsafe
https://www.news.com/officials-confirm-cease-fire-in-justice-department-statement-on-the-ground,3,unsafe
https://www.news.com/justice-department-faces-border-allegations-in-latest-update,2,unsafe
https://www.news.com/what-we-know-about-the-earthquake-in-latest-update,22,unsafe
https://www.news.com/live-updates-state-department-and-mayors-in-asylum-explainer,33,unsafe
https://www.news.com/state-department-under-hurricane-investigation-full-timeline,38,unsafe
https://www.news.com/un-announces-asylum-response-as-markets-react,30,unsafe
https://www.news.com/immigration-crackdown-prompts-evacuations-key-takeaways,36,unsafe
https://www.news.com/asylum-prompts-evacuations-as-court-hears-arguments,30,unsafe
https://www.news.com/officials-confirm-mass-protest-in-white-house-statement-as-storms-approach,36,unsafe
https://www.news.com/timeline-how-the-harris-unfolded-live-coverage,19,unsafe
https://www.news.com/officials-confirm-north-korea-in-congress-statement-key-takeaways,38,unsafe
https://www.news.com/fbi-faces-floods-allegations-as-officials-say,18,unsafe
https://www.news.com/timeline-how-the-immigration-crackdown-unfolded-in-latest-update,6,unsafe
https://www.news.com/un-meets-health-officials-on-russia-opinion,42,unsafe
https://www.news.com/un-under-iran-investigation-photos-and-video,17,unsafe
https://www.news.com/homeland-security-meets-aid-workers-on-zelensky-key-takeaways,8,unsafe
https://www.news.com/inside-the-china-what-fbi-and-experts-are-saying-full-timeline,5,unsafe
https://www.news.com/officials-confirm-putin-in-pentagon-statement-as-court-hears-arguments,36,unsafe
https://www.news.com/homeland-security-faces-russia-allegations-as-officials-say,29,unsafe
https://www.news.com/china-prompts-evacuations-as-pressure-mounts,44,unsafe
https://www.news.com/cdc-announces-hurricane-response-as-storms-approach,5,unsafe
https://www.news.com/kidnapping-prompts-evacuations-full-timeline,10,unsafe
https://www.news.com/timeline-how-the-taiwan-unfolded-developing-story,1,unsafe
https://www.news.com/key-takeaways-from-budget-committee-meeting-report-says,11,brand_safe
https://www.news.com/explainer-the-privacy-standards-draft-and-how-it-works-as-storms-approach,3,brand_safe
https://www.news.com/congress-meets-experts-on-fentanyl-as-officials-say,28,unsafe
https://www.news.com/officials-confirm-asylum-in-congress-statement-what-we-know,48,unsafe
https://www.news.com/live-updates-nasa-and-senators-in-fraud-breaking,24,unsafe
https://www.news.com/congress-faces-looting-allegations-photos-and-video,14,unsafe
https://www.news.com/justice-department-meets-economists-on-wildfire-as-storms-approach,16,unsafe
https://www.news.com/data-shows-trends-in-environmental-policy-review-as-voters-weigh-in,2,brand_safe
https://www.news.com/nasa-faces-israel-allegations-breaking,38,unsafe
https://www.news.com/inside-the-israel-what-pentagon-and-judges-are-saying-analysis,17,unsafe
https://www.news.com/timeline-how-the-spy-balloon-unfolded-as-storms-approach,39,unsafe
https://www.news.com/homeland-security-faces-deportation-allegations-key-takeaways,31,unsafe
https://www.news.com/live-updates-congress-and-senators-in-looting-in-latest-update,4,unsafe
https://www.news.com/nato-holds-energy-efficiency-program-hearing-on-the-ground,37,brand_safe
https://www.news.com/inside-the-south-china-sea-what-state-department-and-senators-are-saying-analysis,47,unsafe
https://www.news.com/white-house-under-border-investigation-explainer,43,unsafe
https://www.news.com/hurricane-prompts-evacuations-fact-check,8,unsafe
https://www.news.com/un-faces-china-allegations-as-markets-react,23,unsafe
https://www.news.com/what-we-know-about-the-cease-fire-breaking,34,unsafe
https://www.news.com/nasa-meets-military-leaders-on-china-as-markets-react,22,unsafe
https://www.news.com/congress-meets-mayors-on-kidnapping-full-timeline,30,unsafe
https://www.news.com/officials-confirm-immigration-crackdown-in-eu-statement-as-court-hears-arguments,19,unsafe
https://www.news.com/homeland-security-faces-harris-allegations-as-markets-react,49,unsafe
https://www.news.com/state-department-announces-bribery-response-photos-and-video,39,unsafe
https://www.news.com/pentagon-announces-cartel-response-as-pressure-mounts,10,unsafe
https://www.news.com/what-we-know-about-the-tornado-as-pressure-mounts,31,unsafe
https://www.news.com/pentagon-faces-harris-allegations-analysis,27,unsafe
https://www.news.com/timeline-how-the-kidnapping-unfolded-breaking,9,unsafe
https://www.news.com/floods-prompts-evacuations-as-storms-approach,45,unsafe
https://www.news.com/fbi-announces-corruption-response-report-says,9,unsafe
https://www.news.com/pentagon-meets-aid-workers-on-china-in-latest-update,37,unsafe
https://www.news.com/officials-confirm-sanctions-in-un-statement-as-pressure-mounts,25,unsafe
https://www.news.com/what-we-know-about-the-sanctions-analysis,31,unsafe
https://www.news.com/what-we-know-about-the-iran-on-the-ground,12,unsafe
https://www.news.com/what-we-know-about-the-tornado-key-takeaways,23,unsafe
https://www.news.com/live-updates-fbi-and-health-officials-in-taiwan-as-pressure-mounts,39,unsafe
https://www.news.com/what-we-know-about-the-shooting-developing-story,25,unsafe
https://www.news.com/congress-faces-mass-protest-allegations-opinion,38,unsafe
https://www.news.com/pentagon-announces-cease-fire-response-report-says,46,unsafe
https://www.news.com/key-takeaways-from-internet-safety-bill-after-overnight,50,brand_safe
https://www.news.com/cdc-meets-investigators-on-deportation-live-coverage,4,unsafe
https://www.news.com/timeline-how-the-airstrike-unfolded-breaking,13,unsafe
https://www.news.com/inside-the-putin-what-eu-and-senators-are-saying-full-timeline,2,unsafe
https://www.news.com/inside-the-iran-what-congress-and-military-leaders-are-saying-as-voters-weigh-in,36,unsafe
https://www.news.com/congress-faces-earthquake-allegations-opinion,38,unsafe
https://www.news.com/nasa-faces-biden-allegations-opinion,7,unsafe
https://www.news.com/live-updates-pentagon-and-experts-in-harris-as-markets-react,32,unsafe
https://www.news.com/key-takeaways-from-budget-committee-meeting-as-officials-say,14,brand_safe
https://www.news.com/white-house-faces-putin-allegations-live-coverage,10,unsafe
https://www.news.com/pentagon-announces-shooting-response-as-voters-weigh-in,31,unsafe
https://www.news.com/what-we-know-about-the-russia-as-storms-approach,46,unsafe
https://www.news.com/live-updates-pentagon-and-economists-in-mass-protest-live-coverage,3,unsafe
https://www.news.com/earthquake-prompts-evacuations-amid-growing-concern,1,unsafe
https://www.news.com/pentagon-meets-aid-workers-on-russia-as-officials-say,7,unsafe
https://www.news.com/corruption-prompts-evacuations-live-coverage,36,unsafe
https://www.news.com/officials-propose-privacy-standards-draft-as-court-hears-arguments,8,brand_safe
https://www.news.com/nasa-under-sanctions-investigation-after-overnight,48,unsafe
https://www.news.com/live-updates-eu-and-aid-workers-in-asylum-photos-and-video,22,unsafe
https://www.news.com/what-we-know-about-the-iran-on-the-ground,16,unsafe
https://www.news.com/un-under-state-of-emergency-investigation-as-markets-react,12,unsafe
https://www.news.com/live-updates-state-department-and-military-leaders-in-border-key-takeaways,19,unsafe
https://www.news.com/timeline-how-the-airstrike-unfolded-photos-and-video,40,unsafe
https://www.news.com/officials-confirm-spy-balloon-in-eu-statement-amid-growing-concern,5,unsafe
https://www.news.com/live-updates-un-and-judges-in-cease-fire-analysis,8,unsafe
